FRAME,plus_id,xp,yp,angp1,min_id,xm,ym,angm1,angm2,angm3,distance,mp_angle,angp1_rel,angm1_rel,angm2_rel,angm3_rel,fuse_up,p_vel_angle,p_vel_angle_rel,anglep1_rel_vel_angle,fusion,creation,mp_angl1,mp_angl2,mp_angl3,mp_phase
0,0,1.0,1.0,0.0,1,1.1,1.0,0.0,0.0,0.0,0.10000000000000009,0.0,0.0,0.0,0.0,0.0,TRUE,0.7853981633974483,0.7531512809621944,5.497787143782138,FALSE,TRUE,0.0,0.0,0.0,0.0
1,0,2.0,2.0,0.0,1,0.5,0.5,0.0,0.0,0.0,2.1213203435596424,3.9269908169872414,2.356194490192345,2.356194490192345,2.356194490192345,2.356194490192345,TRUE,0.7853981633974483,0.7610127542247297,1.5707963267948966,FALSE,TRUE,0.0,0.0,0.0,0.0
2,0,3.0,3.0,0.0,1,1.0,1.0,0.0,0.0,0.0,2.8284271247461903,3.9269908169872414,2.356194490192345,2.356194490192345,2.356194490192345,2.356194490192345,TRUE,0.7853981633974483,0.7853981633974483,1.5707963267948966,FALSE,TRUE,0.0,0.0,0.0,0.0
0,0,1.0,1.0,0.0,2,6.0,7.0,0.0,0.0,0.0,7.810249675906654,0.8760580505981934,5.407127256581393,5.407127256581393,5.407127256581393,5.407127256581393,FALSE,0.7853981633974483,0.7853981633974483,4.621729093183944,TRUE,FALSE,0.0,0.0,0.0,0.0
1,0,2.0,2.0,0.0,2,5.0,6.0,0.0,0.0,0.0,5.0,0.9272952180016122,5.355890089177974,5.355890089177974,5.355890089177974,5.355890089177974,FALSE,0.7853981633974483,0.9272952180016122,4.570491925780526,TRUE,FALSE,0.0,0.0,0.0,0.0
2,0,3.0,3.0,0.0,2,5.0,5.0,0.0,0.0,0.0,2.8284271247461903,0.7853981633974483,5.497787143782138,5.497787143782138,5.497787143782138,5.497787143782138,FALSE,0.7853981633974483,0.9151007005533605,4.71238898038469,TRUE,FALSE,0.0,0.0,0.0,0.0
3,0,4.0,4.0,0.0,2,4.0,4.1,0.0,0.0,0.0,0.09999999999999964,1.5707963267948966,4.71238898038469,4.71238898038469,4.71238898038469,4.71238898038469,FALSE,0.7853981633974483,0.7597627548757709,3.9269908169872414,TRUE,FALSE,0.0,0.0,0.0,0.0
